Complexity,Loss,Equation
1,0.0011299002,"-0.0022259445"
3,0.0011169274,"x0 * -0.0131823905"
5,0.0010595989,"x1 * (x0 * -0.027481755)"
7,0.00092972064,"((x0 + x1) * -0.08002001) - -0.12528193"
9,0.00089287193,"(x0 * -0.11179558) - ((x1 * 0.085618675) - 0.1399374)"
11,0.0008840974,"(-0.94473636 - (((x0 * 0.08118903) + 0.040944308) * x1)) + 1.0182022"
15,0.0008824957,"x0 + ((((x1 + (x0 * x1)) * -0.056145865) - -0.09640639) - (x0 * 1.0366923))"
