Complexity,Loss,Equation
1,0.0011299002,"-0.0022258267"
3,0.0011169272,"x0 * -0.013178614"
5,0.0010595988,"(x0 * x1) * -0.027478792"
7,0.00092972064,"((x0 + x1) * -0.08001896) - -0.12528025"
9,0.0008931528,"x0 * (((x1 + x0) * -0.17254893) - -0.2503567)"
11,0.00089287164,"(x1 * 0.91438735) + ((0.13993233 - x1) - (x0 * 0.1118146))"
13,0.00088409736,"((x1 + ((x0 * x1) * -0.08119364)) - (x1 * 1.0409505)) + 0.07347573"
15,0.0008828461,"(x1 * ((x0 * -0.04826745) + -0.06113008)) + ((x0 - -0.10395076) + (x0 * -1.0484272))"
