Complexity,Loss,Equation
1,0.0011299002,"-0.0022255601"
3,0.0011169272,"x0 * -0.013178614"
5,0.0010595989,"x0 * (x1 * -0.027481753)"
7,0.00092972064,"((x0 + x1) * -0.080003686) + 0.12525617"
9,0.0008840981,"(((x0 + 0.5052888) * -0.08114954) * x1) - -0.07353844"
13,0.00088274817,"(((x0 + 1.1067817) * (x0 * x1)) + (x1 + -1.7147584)) * -0.045525823"
15,0.0008801141,"(((x0 + (1.0736696 * 1.1067817)) * (x0 * x1)) + (x1 + -1.7147584)) * -0.045525823"
17,0.00088003615,"((((x0 * 1.0814639) + (1.0736696 * 1.1067817)) * (x0 * x1)) + (x1 + -1.7147584)) * -0.045525823"
