Complexity,Loss,Equation
1,0.0011299002,"-0.0022352096"
3,0.0011169272,"x0 * -0.013178617"
5,0.0010595989,"(x1 * x0) * -0.027481686"
7,0.00092972064,"((x0 + x1) * -0.08001865) - -0.12527974"
9,0.0008840997,"((-0.041099742 - (x0 * 0.08136481)) * x1) + 0.07372646"
11,0.0008840974,"((x1 * -0.040944383) - -0.07346592) + ((x0 * x1) * -0.081188984)"
15,0.0008819962,"((x0 * ((((x0 * 1.2320894) + x1) - 2.2243936) + x1)) * -0.08485902) - -0.0078004347"
17,0.0008800082,"((((1.1911361 - ((x1 + x0) + x1)) * (x0 + 0.5049208)) - -1.0579973) * 0.042612147) + 0.004576371"
