Complexity,Loss,Equation
1,0.0011299002,"-0.0022257294"
3,0.0011169274,"x0 * -0.013182386"
5,0.0010595989,"(x1 * x0) * -0.027481757"
7,0.00092972064,"((x0 + x1) * -0.080018625) + 0.12527972"
9,0.00088409806,"((-0.04089304 - (x0 * 0.081096046)) * x1) + 0.073371835"
11,0.00088301155,"0.09641084 - ((((x1 + 0.5982026) * x0) + x1) * 0.056535345)"
